<?xml version="1.0" encoding="UTF-8"?>
<books>
	<book>
		<title id="1">西游记</title>
		<author>吴承恩</author>
		<content>玄奘取经的故事</content>
		<price>38</price>
	</book>
	
	<book>
		<title id="2">三国演义</title>
		<author>罗贯中</author>
		<content>刘备，关公，张飞</content>
		<price>36</price>
	</book>
	
	<book>
		<title id="3">红楼梦</title>
		<author>曹雪芹</author>
		<content>一棵草和一颗石头的故事</content>
		<price>36</price>
	</book>
	
	<book>
		<title id="4">水浒传</title>
		<author>施耐奄</author>
		<content>108个小混混</content>
		<price>36</price>
	</book>
</books>