<?xml version="1.0" encoding="UTF-8"?>
<students>
	<student id="1">
		<name>张三</name>
		<sex>男</sex>
		<age>23</age>
		<clazz>2148</clazz>
	</student>
	<student>
		<name>李四</name>
		<sex>男</sex>
		<age>21</age>
		<clazz>2148</clazz>
	</student>
	<student>
		<name>王五</name>
		<sex>男</sex>
		<age>22</age>
		<clazz>2149</clazz>
	</student>
	<student>
		<name>周润发</name>
		<sex>男</sex>
		<age>53</age>
		<clazz>1978</clazz>
		
		<age> 3&lt; 6</age>
	</student>
</students>